"source_row","title","category","event_type","start_date","end_date","start_time","end_time","location","department","academic_year","calendar_year","audience_scope","target_cohort_start_years","section","organizer","description","source","source_remarks"
"1","Commencement of Classes","Academic","Academic","2026-07-13","2026-07-13","","","","CSE","2026-27","2026","specific_cohort","2025","All Sections","Not specified","","MIT CSN Academic Calendar AY 2026-27 Part-I",""
"2","Orientation for SY, TY","Academic","Academic","2026-07-13","2026-07-13","","","","CSE","2026-27","2026","specific_cohort","2025","All Sections","Not specified","","MIT CSN Academic Calendar AY 2026-27 Part-I","Assigned to the requested 2025-2029 second-year cohort; source title mentions both SY and TY."
"3","Workshop by Alumni","Academic","Academic","2026-07-29","2026-07-29","","","","CSE","2026-27","2026","specific_cohort","2025","All Sections","Alumni","","MIT CSN Academic Calendar AY 2026-27 Part-I",""
"4","Workshop on AI for Cyber Security, DS and ML","Technical","Technical","2026-08-08","2026-08-08","","","","CSE","2026-27","2026","specific_cohort","2025","All Sections","Not specified","","MIT CSN Academic Calendar AY 2026-27 Part-I","Compliance note mentions a 3-hour workshop; speaker handwriting is unclear."
"5","First attendance review by HOD","Academic","Academic","2026-08-14","2026-08-14","","","","CSE","2026-27","2026","specific_cohort","2025","All Sections","HOD","","MIT CSN Academic Calendar AY 2026-27 Part-I","Marked Done on the source."
"6","Review-I Student Activity/MP","Reviews & Submissions","Reviews & Submissions","2026-08-22","2026-08-22","","","","CSE","2026-27","2026","specific_cohort","2025","All Sections","Not specified","","MIT CSN Academic Calendar AY 2026-27 Part-I","Printed 14 Aug 2026 is crossed out; handwriting appears to change date to 22 Aug 2026. Marked Done; compliance note says notice."
"7","Webinar/online workshop","Academic","Academic","2026-08-29","2026-08-29","","","","CSE","2026-27","2026","specific_cohort","2025","All Sections","Not specified","5-hour webinar on virtual memory visualizer.","MIT CSN Academic Calendar AY 2026-27 Part-I",""
"8","Academic & TGS Review","Academic","Academic","2026-08-29","2026-08-29","","","","CSE","2026-27","2026","specific_cohort","2025","All Sections","TGS","","MIT CSN Academic Calendar AY 2026-27 Part-I",""
"9","Teachers Day/Alumni Session","Academic","Academic","2026-09-05","2026-09-05","","","","CSE","2026-27","2026","specific_cohort","2025","All Sections","Not specified","","MIT CSN Academic Calendar AY 2026-27 Part-I",""
"10","Mid/In-Sem I Exam","Exams","Exams","2026-09-09","2026-09-11","","","","CSE","2026-27","2026","specific_cohort","2025","All Sections","Examination Cell","","MIT CSN Academic Calendar AY 2026-27 Part-I","Handwritten remark says 'Postpone'; no replacement dates are shown. Printed dates retained as the original schedule pending clarification."
"11","Engineers Day (code debugging/model making/poster presentation/foster innovation)","Technical","Technical","2026-09-15","2026-09-15","","","","CSE","2026-27","2026","specific_cohort","2025","All Sections","Not specified","","MIT CSN Academic Calendar AY 2026-27 Part-I","Source title appears to say 'foster innovation'; verify whether this should read 'foster' or 'poster' innovation."
"12","Open House","Academic","Academic","2026-09-19","2026-09-19","","","","CSE","2026-27","2026","specific_cohort","2025","All Sections","Not specified","","MIT CSN Academic Calendar AY 2026-27 Part-I",""
"13","Review-II of student activity MP/CEP","Reviews & Submissions","Reviews & Submissions","2026-09-23","2026-09-23","","","","CSE","2026-27","2026","specific_cohort","2025","All Sections","Not specified","","MIT CSN Academic Calendar AY 2026-27 Part-I",""
"14","Academic & TGS Review","Academic","Academic","2026-10-10","2026-10-10","","","","CSE","2026-27","2026","specific_cohort","2025","All Sections","TGS","","MIT CSN Academic Calendar AY 2026-27 Part-I",""
"15","ICC GUEST Session","Academic","Academic","2026-09-26","2026-09-26","","","","CSE","2026-27","2026","specific_cohort","2025","All Sections","ICC","","MIT CSN Academic Calendar AY 2026-27 Part-I",""
"16","Guest lecture for Training & Placements","Academic","Academic","2026-09-29","2026-09-29","","","","CSE","2026-27","2026","specific_cohort","2025","All Sections","Training & Placements","","MIT CSN Academic Calendar AY 2026-27 Part-I",""
"17","Expert session","Academic","Academic","2026-10-03","2026-10-03","","","","CSE","2026-27","2026","specific_cohort","2025","All Sections","Not specified","","MIT CSN Academic Calendar AY 2026-27 Part-I",""
"18","Seminar on mental Health (World Mental Health Day)","Academic","Academic","2026-10-10","2026-10-10","","","","CSE","2026-27","2026","specific_cohort","2025","All Sections","Not specified","","MIT CSN Academic Calendar AY 2026-27 Part-I",""
"19","Mid/In-Sem II","Exams","Exams","2026-10-14","2026-10-17","","","","CSE","2026-27","2026","specific_cohort","2025","All Sections","Examination Cell","","MIT CSN Academic Calendar AY 2026-27 Part-I",""
"20","Open House","Academic","Academic","2026-10-24","2026-10-24","","","","CSE","2026-27","2026","specific_cohort","2025","All Sections","Not specified","","MIT CSN Academic Calendar AY 2026-27 Part-I",""
"21","Seminar on IoT/Paper Batteries/Brain Computer Interfaces","Technical","Technical","2026-10-23","2026-10-23","","","","CSE","2026-27","2026","specific_cohort","2025","All Sections","Not specified","","MIT CSN Academic Calendar AY 2026-27 Part-I",""
"22","Mid/In-Sem III","Exams","Exams","2026-10-26","2026-10-28","","","","CSE","2026-27","2026","specific_cohort","2025","All Sections","Examination Cell","","MIT CSN Academic Calendar AY 2026-27 Part-I",""
"23","Provisional Detention","Academic","Academic","2026-10-31","2026-10-31","","","","CSE","2026-27","2026","specific_cohort","2025","All Sections","Not specified","","MIT CSN Academic Calendar AY 2026-27 Part-I","Appears again as row 26 with the same date; retained pending confirmation whether it is a duplicate."
"24","Academic & TGS Review","Academic","Academic","2026-10-31","2026-10-31","","","","CSE","2026-27","2026","specific_cohort","2025","All Sections","TGS","","MIT CSN Academic Calendar AY 2026-27 Part-I",""
"25","End of Classes","Academic","Academic","2026-10-31","2026-10-31","","","","CSE","2026-27","2026","specific_cohort","2025","All Sections","Not specified","","MIT CSN Academic Calendar AY 2026-27 Part-I",""
"26","provisional detention","Academic","Academic","2026-10-31","2026-10-31","","","","CSE","2026-27","2026","specific_cohort","2025","All Sections","Not specified","","MIT CSN Academic Calendar AY 2026-27 Part-I","Same date and activity as source row 23; retained as printed pending confirmation whether it is a duplicate."
"27","Final Detention","Academic","Academic","2026-11-02","2026-11-02","","","","CSE","2026-27","2026","specific_cohort","2025","All Sections","Not specified","","MIT CSN Academic Calendar AY 2026-27 Part-I",""
"28","Practical/Oral Exams","Exams","Exams","2026-11-03","2026-11-06","","","","CSE","2026-27","2026","specific_cohort","2025","All Sections","Examination Cell","","MIT CSN Academic Calendar AY 2026-27 Part-I",""
"29","End Semester Theory Exam","Exams","Exams","2026-11-21","2026-12-18","","","","CSE","2026-27","2026","specific_cohort","2025","All Sections","Examination Cell","Autonomous end-semester theory examinations.","MIT CSN Academic Calendar AY 2026-27 Part-I",""
"30","Result Declaration","Academic","Academic","2026-12-30","2026-12-30","","","","CSE","2026-27","2026","specific_cohort","2025","All Sections","Examination Cell","","MIT CSN Academic Calendar AY 2026-27 Part-I",""
"31","PhD progress seminar","Academic","Academic","2026-12-01","2026-12-31","","","","CSE","2026-27","2026","excluded","","PhD Scholars","Research Cell","","MIT CSN Academic Calendar AY 2026-27 Part-I","Excluded from the undergraduate import at the user's request; this source row is a PhD progress seminar."
"32","CEP INNOVATE 2025 (Poster Exhibition)","Technical","Technical","2026-11-22","2026-11-22","","","","CSE","2026-27","2026","specific_cohort","2025","All Sections","CEP","","MIT CSN Academic Calendar AY 2026-27 Part-I","Title includes 2025, while the listed event date is 22 Nov 2026."
"33","Open House","Academic","Academic","2027-01-02","2027-01-02","","","","CSE","2026-27","2027","specific_cohort","2025","All Sections","Not specified","","MIT CSN Academic Calendar AY 2026-27 Part-I","Event is part of AY 2026-27 but its date falls in calendar year 2027."
"34","Commencement Next Semester","Academic","Academic","2026-12-28","2026-12-28","","","","CSE","2026-27","2026","specific_cohort","2025","All Sections","Not specified","","MIT CSN Academic Calendar AY 2026-27 Part-I",""
"35","Diwali Break","Breaks","Breaks","2026-11-09","2026-11-14","","","","CSE","2026-27","2026","specific_cohort","2025","All Sections","Institute Administration","","MIT CSN Academic Calendar AY 2026-27 Part-I",""
