"title","category","event_type","start_date","end_date","start_time","end_time","location","location_type","department","academic_year","academic_part","year","section","organizer","tag_day","tag_date","color_theme","description","source","is_official","target_cohort_start_years","original_start_date","original_end_date","lifecycle_status"
"Commencement of Classes","Academic","Academic","2026-07-13","2026-07-13","","","To be announced","Physical","CSE","2026-27","1","2nd Year (2025-2029)","All Sections","Not specified","MON","13 JUL","linear-gradient(135deg, #1e3c72 0%, #2a5298 100%)","","MIT CSN Academic Calendar AY 2026-27 Part-I","true","{2025}","2026-07-13","2026-07-13","upcoming"
"Orientation for SY, TY","Academic","Academic","2026-07-13","2026-07-13","","","To be announced","Physical","CSE","2026-27","1","2nd Year (2025-2029)","All Sections","Not specified","MON","13 JUL","linear-gradient(135deg, #1e3c72 0%, #2a5298 100%)","","MIT CSN Academic Calendar AY 2026-27 Part-I","true","{2025}","2026-07-13","2026-07-13","upcoming"
"Workshop by Alumni","Academic","Academic","2026-07-29","2026-07-29","","","To be announced","Physical","CSE","2026-27","1","2nd Year (2025-2029)","All Sections","Alumni","WED","29 JUL","linear-gradient(135deg, #1e3c72 0%, #2a5298 100%)","","MIT CSN Academic Calendar AY 2026-27 Part-I","true","{2025}","2026-07-29","2026-07-29","upcoming"
"Workshop on AI for Cyber Security, DS and ML","Technical","Technical","2026-08-08","2026-08-08","","","To be announced","Physical","CSE","2026-27","1","2nd Year (2025-2029)","All Sections","Not specified","SAT","08 AUG","linear-gradient(135deg, #1e3c72 0%, #2a5298 100%)","","MIT CSN Academic Calendar AY 2026-27 Part-I","true","{2025}","2026-08-08","2026-08-08","upcoming"
"First attendance review by HOD","Academic","Academic","2026-08-14","2026-08-14","","","To be announced","Physical","CSE","2026-27","1","2nd Year (2025-2029)","All Sections","HOD","FRI","14 AUG","linear-gradient(135deg, #1e3c72 0%, #2a5298 100%)","","MIT CSN Academic Calendar AY 2026-27 Part-I","true","{2025}","2026-08-14","2026-08-14","upcoming"
"Review-I Student Activity/MP","Reviews & Submissions","Reviews & Submissions","2026-08-22","2026-08-22","","","To be announced","Physical","CSE","2026-27","1","2nd Year (2025-2029)","All Sections","Not specified","SAT","22 AUG","linear-gradient(135deg, #1e3c72 0%, #2a5298 100%)","","MIT CSN Academic Calendar AY 2026-27 Part-I","true","{2025}","2026-08-22","2026-08-22","upcoming"
"Webinar/online workshop","Academic","Academic","2026-08-29","2026-08-29","","","To be announced","Physical","CSE","2026-27","1","2nd Year (2025-2029)","All Sections","Not specified","SAT","29 AUG","linear-gradient(135deg, #1e3c72 0%, #2a5298 100%)","5-hour webinar on virtual memory visualizer.","MIT CSN Academic Calendar AY 2026-27 Part-I","true","{2025}","2026-08-29","2026-08-29","upcoming"
"Academic & TGS Review","Academic","Academic","2026-08-29","2026-08-29","","","To be announced","Physical","CSE","2026-27","1","2nd Year (2025-2029)","All Sections","TGS","SAT","29 AUG","linear-gradient(135deg, #1e3c72 0%, #2a5298 100%)","","MIT CSN Academic Calendar AY 2026-27 Part-I","true","{2025}","2026-08-29","2026-08-29","upcoming"
"Teachers Day/Alumni Session","Academic","Academic","2026-09-05","2026-09-05","","","To be announced","Physical","CSE","2026-27","1","2nd Year (2025-2029)","All Sections","Not specified","SAT","05 SEP","linear-gradient(135deg, #1e3c72 0%, #2a5298 100%)","","MIT CSN Academic Calendar AY 2026-27 Part-I","true","{2025}","2026-09-05","2026-09-05","upcoming"
"Mid/In-Sem I Exam","Exams","Exams","2026-09-09","2026-09-11","","","To be announced","Physical","CSE","2026-27","1","2nd Year (2025-2029)","All Sections","Examination Cell","WED","09 SEP","linear-gradient(135deg, #1e3c72 0%, #2a5298 100%)","","MIT CSN Academic Calendar AY 2026-27 Part-I","true","{2025}","2026-09-09","2026-09-11","upcoming"
"Engineers Day (code debugging/model making/poster presentation/foster innovation)","Technical","Technical","2026-09-15","2026-09-15","","","To be announced","Physical","CSE","2026-27","1","2nd Year (2025-2029)","All Sections","Not specified","TUE","15 SEP","linear-gradient(135deg, #1e3c72 0%, #2a5298 100%)","","MIT CSN Academic Calendar AY 2026-27 Part-I","true","{2025}","2026-09-15","2026-09-15","upcoming"
"Open House","Academic","Academic","2026-09-19","2026-09-19","","","To be announced","Physical","CSE","2026-27","1","2nd Year (2025-2029)","All Sections","Not specified","SAT","19 SEP","linear-gradient(135deg, #1e3c72 0%, #2a5298 100%)","","MIT CSN Academic Calendar AY 2026-27 Part-I","true","{2025}","2026-09-19","2026-09-19","upcoming"
"Review-II of student activity MP/CEP","Reviews & Submissions","Reviews & Submissions","2026-09-23","2026-09-23","","","To be announced","Physical","CSE","2026-27","1","2nd Year (2025-2029)","All Sections","Not specified","WED","23 SEP","linear-gradient(135deg, #1e3c72 0%, #2a5298 100%)","","MIT CSN Academic Calendar AY 2026-27 Part-I","true","{2025}","2026-09-23","2026-09-23","upcoming"
"Academic & TGS Review","Academic","Academic","2026-10-10","2026-10-10","","","To be announced","Physical","CSE","2026-27","1","2nd Year (2025-2029)","All Sections","TGS","SAT","10 OCT","linear-gradient(135deg, #1e3c72 0%, #2a5298 100%)","","MIT CSN Academic Calendar AY 2026-27 Part-I","true","{2025}","2026-10-10","2026-10-10","upcoming"
"ICC GUEST Session","Academic","Academic","2026-09-26","2026-09-26","","","To be announced","Physical","CSE","2026-27","1","2nd Year (2025-2029)","All Sections","ICC","SAT","26 SEP","linear-gradient(135deg, #1e3c72 0%, #2a5298 100%)","","MIT CSN Academic Calendar AY 2026-27 Part-I","true","{2025}","2026-09-26","2026-09-26","upcoming"
"Guest lecture for Training & Placements","Academic","Academic","2026-09-29","2026-09-29","","","To be announced","Physical","CSE","2026-27","1","2nd Year (2025-2029)","All Sections","Training & Placements","TUE","29 SEP","linear-gradient(135deg, #1e3c72 0%, #2a5298 100%)","","MIT CSN Academic Calendar AY 2026-27 Part-I","true","{2025}","2026-09-29","2026-09-29","upcoming"
"Expert session","Academic","Academic","2026-10-03","2026-10-03","","","To be announced","Physical","CSE","2026-27","1","2nd Year (2025-2029)","All Sections","Not specified","SAT","03 OCT","linear-gradient(135deg, #1e3c72 0%, #2a5298 100%)","","MIT CSN Academic Calendar AY 2026-27 Part-I","true","{2025}","2026-10-03","2026-10-03","upcoming"
"Seminar on mental Health (World Mental Health Day)","Academic","Academic","2026-10-10","2026-10-10","","","To be announced","Physical","CSE","2026-27","1","2nd Year (2025-2029)","All Sections","Not specified","SAT","10 OCT","linear-gradient(135deg, #1e3c72 0%, #2a5298 100%)","","MIT CSN Academic Calendar AY 2026-27 Part-I","true","{2025}","2026-10-10","2026-10-10","upcoming"
"Mid/In-Sem II","Exams","Exams","2026-10-14","2026-10-17","","","To be announced","Physical","CSE","2026-27","1","2nd Year (2025-2029)","All Sections","Examination Cell","WED","14 OCT","linear-gradient(135deg, #1e3c72 0%, #2a5298 100%)","","MIT CSN Academic Calendar AY 2026-27 Part-I","true","{2025}","2026-10-14","2026-10-17","upcoming"
"Open House","Academic","Academic","2026-10-24","2026-10-24","","","To be announced","Physical","CSE","2026-27","1","2nd Year (2025-2029)","All Sections","Not specified","SAT","24 OCT","linear-gradient(135deg, #1e3c72 0%, #2a5298 100%)","","MIT CSN Academic Calendar AY 2026-27 Part-I","true","{2025}","2026-10-24","2026-10-24","upcoming"
"Seminar on IoT/Paper Batteries/Brain Computer Interfaces","Technical","Technical","2026-10-23","2026-10-23","","","To be announced","Physical","CSE","2026-27","1","2nd Year (2025-2029)","All Sections","Not specified","FRI","23 OCT","linear-gradient(135deg, #1e3c72 0%, #2a5298 100%)","","MIT CSN Academic Calendar AY 2026-27 Part-I","true","{2025}","2026-10-23","2026-10-23","upcoming"
"Mid/In-Sem III","Exams","Exams","2026-10-26","2026-10-28","","","To be announced","Physical","CSE","2026-27","1","2nd Year (2025-2029)","All Sections","Examination Cell","MON","26 OCT","linear-gradient(135deg, #1e3c72 0%, #2a5298 100%)","","MIT CSN Academic Calendar AY 2026-27 Part-I","true","{2025}","2026-10-26","2026-10-28","upcoming"
"Provisional Detention","Academic","Academic","2026-10-31","2026-10-31","","","To be announced","Physical","CSE","2026-27","1","2nd Year (2025-2029)","All Sections","Not specified","SAT","31 OCT","linear-gradient(135deg, #1e3c72 0%, #2a5298 100%)","","MIT CSN Academic Calendar AY 2026-27 Part-I","true","{2025}","2026-10-31","2026-10-31","upcoming"
"Academic & TGS Review","Academic","Academic","2026-10-31","2026-10-31","","","To be announced","Physical","CSE","2026-27","1","2nd Year (2025-2029)","All Sections","TGS","SAT","31 OCT","linear-gradient(135deg, #1e3c72 0%, #2a5298 100%)","","MIT CSN Academic Calendar AY 2026-27 Part-I","true","{2025}","2026-10-31","2026-10-31","upcoming"
"End of Classes","Academic","Academic","2026-10-31","2026-10-31","","","To be announced","Physical","CSE","2026-27","1","2nd Year (2025-2029)","All Sections","Not specified","SAT","31 OCT","linear-gradient(135deg, #1e3c72 0%, #2a5298 100%)","","MIT CSN Academic Calendar AY 2026-27 Part-I","true","{2025}","2026-10-31","2026-10-31","upcoming"
"provisional detention","Academic","Academic","2026-10-31","2026-10-31","","","To be announced","Physical","CSE","2026-27","1","2nd Year (2025-2029)","All Sections","Not specified","SAT","31 OCT","linear-gradient(135deg, #1e3c72 0%, #2a5298 100%)","","MIT CSN Academic Calendar AY 2026-27 Part-I","true","{2025}","2026-10-31","2026-10-31","upcoming"
"Final Detention","Academic","Academic","2026-11-02","2026-11-02","","","To be announced","Physical","CSE","2026-27","1","2nd Year (2025-2029)","All Sections","Not specified","MON","02 NOV","linear-gradient(135deg, #1e3c72 0%, #2a5298 100%)","","MIT CSN Academic Calendar AY 2026-27 Part-I","true","{2025}","2026-11-02","2026-11-02","upcoming"
"Practical/Oral Exams","Exams","Exams","2026-11-03","2026-11-06","","","To be announced","Physical","CSE","2026-27","1","2nd Year (2025-2029)","All Sections","Examination Cell","TUE","03 NOV","linear-gradient(135deg, #1e3c72 0%, #2a5298 100%)","","MIT CSN Academic Calendar AY 2026-27 Part-I","true","{2025}","2026-11-03","2026-11-06","upcoming"
"End Semester Theory Exam","Exams","Exams","2026-11-21","2026-12-18","","","To be announced","Physical","CSE","2026-27","1","2nd Year (2025-2029)","All Sections","Examination Cell","SAT","21 NOV","linear-gradient(135deg, #1e3c72 0%, #2a5298 100%)","Autonomous end-semester theory examinations.","MIT CSN Academic Calendar AY 2026-27 Part-I","true","{2025}","2026-11-21","2026-12-18","upcoming"
"Result Declaration","Academic","Academic","2026-12-30","2026-12-30","","","To be announced","Physical","CSE","2026-27","1","2nd Year (2025-2029)","All Sections","Examination Cell","WED","30 DEC","linear-gradient(135deg, #1e3c72 0%, #2a5298 100%)","","MIT CSN Academic Calendar AY 2026-27 Part-I","true","{2025}","2026-12-30","2026-12-30","upcoming"
"CEP INNOVATE 2025 (Poster Exhibition)","Technical","Technical","2026-11-22","2026-11-22","","","To be announced","Physical","CSE","2026-27","1","2nd Year (2025-2029)","All Sections","CEP","SUN","22 NOV","linear-gradient(135deg, #1e3c72 0%, #2a5298 100%)","","MIT CSN Academic Calendar AY 2026-27 Part-I","true","{2025}","2026-11-22","2026-11-22","upcoming"
"Open House","Academic","Academic","2027-01-02","2027-01-02","","","To be announced","Physical","CSE","2026-27","1","2nd Year (2025-2029)","All Sections","Not specified","SAT","02 JAN","linear-gradient(135deg, #1e3c72 0%, #2a5298 100%)","","MIT CSN Academic Calendar AY 2026-27 Part-I","true","{2025}","2027-01-02","2027-01-02","upcoming"
"Commencement Next Semester","Academic","Academic","2026-12-28","2026-12-28","","","To be announced","Physical","CSE","2026-27","1","2nd Year (2025-2029)","All Sections","Not specified","MON","28 DEC","linear-gradient(135deg, #1e3c72 0%, #2a5298 100%)","","MIT CSN Academic Calendar AY 2026-27 Part-I","true","{2025}","2026-12-28","2026-12-28","upcoming"
"Diwali Break","Breaks","Breaks","2026-11-09","2026-11-14","","","To be announced","Physical","CSE","2026-27","1","2nd Year (2025-2029)","All Sections","Institute Administration","MON","09 NOV","linear-gradient(135deg, #1e3c72 0%, #2a5298 100%)","","MIT CSN Academic Calendar AY 2026-27 Part-I","true","{2025}","2026-11-09","2026-11-14","upcoming"
